measurement_type,o_zone_id,d_zone_id,from_node_id,to_node_id,obs_count,est_count
link,,,1,3,5447.377332,5447.714308208688
link,,,3,2,5447.377332,5447.714308208688
link,,,1,4,1552.622668,1552.2856917913102
link,,,4,2,1552.622668,1552.2856917913102
production,1,,,,7000.0,6999.999999999998
attraction,,2,,,7000.0,6999.999999999998
