agent_id,o_zone_id,d_zone_id,link_sequence,from_node_id,to_node_id,propotion
1,1,2,1003,1,3,0.7781967617397755
2,1,2,3002,3,2,0.7781967617397755
3,1,2,1004,1,4,0.22180323826022505
4,1,2,4002,4,2,0.22180323826022505
