global_path_id,o_zone_id,d_zone_id,path_id,propotion
1,1,2,0,0.7781967617397755
2,1,2,1,0.22180323826022505
