link_id,from_node_id,to_node_id,time_period,volume,travel_time,speed,VOC,queue,density,geometry,notes
1003,1,3,AM,5448.275953729199,30.325656533914767,39.57045410238612,1.3620689884322996,,,,
3002,3,2,AM,5448.275953729199,0.0,0.0,1.3620689884322996,,,,
1004,1,4,AM,1551.7240462708012,30.32209609217911,59.36265073918385,0.5172413487569337,,,,
4002,4,2,AM,1551.7240462708012,0.0,0.0,0.5172413487569337,,,,
