agent_id,o_zone_id,d_zone_id,link_sequence,from_node_id,to_node_id,propotion
1,1,2,1003,1,3,0.7783251362470284
2,1,2,3002,3,2,0.7783251362470284
3,1,2,1004,1,4,0.2216748637529716
4,1,2,4002,4,2,0.2216748637529716
