agent_id,o_zone_id,d_zone_id,path_id,propotion
1,1,2,0,0.7783251362470284
2,1,2,1,0.2216748637529716
