link_id,from_node_id,to_node_id,time_period,volume,travel_time,speed,VOC,queue,density,geometry,notes
1003,1,3,AM,5447.377332178428,15.159422946749691,39.57934296757945,1.361844333044607,,,,
3002,3,2,AM,5447.377332178428,15.159422946749691,39.57934296757945,1.361844333044607,,,,
1004,1,4,AM,1552.6226678215753,15.161421429510314,59.36118880306517,0.5175408892738584,,,,
4002,4,2,AM,1552.6226678215753,15.161421429510314,59.36118880306517,0.5175408892738584,,,,
