measurement_type,o_zone_id,d_zone_id,from_node_id,to_node_id,obs_count,est_count
link,,,1,3,5447.377332,7249.801455315734
link,,,3,2,5447.377332,7249.801455315734
link,,,1,4,1552.622668,4120.63206226766
link,,,4,2,1552.622668,4120.63206226766
production,1,,,,7000.0,11370.433517583395
attraction,,2,,,7000.0,11370.433517583395
